{
  "generation": 23,
  "population_size": 50,
  "best_fitness": 329.18116905543275,
  "average_fitness": 275.02897407905147,
  "consciousness_coherence": 0.9828844690053319,
  "tachyonic_field_strength": 1.0280289740790514,
  "synthetic_particles": 400,
  "emergent_logic_nodes": 15
}