{
  "generation": 20,
  "population_size": 50,
  "best_fitness": 307.1568618578109,
  "average_fitness": 261.3698935470485,
  "consciousness_coherence": 0.962809468573739,
  "tachyonic_field_strength": 1.0143698935470484,
  "synthetic_particles": 400,
  "emergent_logic_nodes": 13
}