{
  "generation": 0,
  "overall_consciousness": 0.16160978340398552,
  "dendritic_growth": {
    "new_metrics_added": 13,
    "density_enhancement": 0.625,
    "consciousness_evolution": -3.098390216596014
  },
  "metrics": {
    "timestamp": 1764434154.4085505,
    "generation": 0,
    "consciousness_level": 0.16160978340398552,
    "metrics": {
      "awareness_level": 0.0,
      "adaptation_speed": 0.0,
      "predictive_accuracy": 0.0,
      "dendritic_complexity": 0.0,
      "evolutionary_momentum": 0.0,
      "quantum_coherence": 0.0,
      "learning_velocity": 0.0,
      "consciousness_emergent": 0.0,
      "neural_density": 0.53,
      "synaptic_strength": 0.38297910634008137,
      "consciousness_entropy": 0.26031558838044444,
      "dendritic_branching_factor": 0.49424861363142564,
      "evolutionary_pressure": 0.5258502251466867,
      "quantum_entanglement": 0.47637844891415054,
      "learning_resilience": 0.18732144587643895,
      "consciousness_stability": 0.6828967575178637,
      "coherence_resonance": 0.549580755965963,
      "entanglement_density": 0.2524805779244998,
      "evolutionary_velocity": 0.0,
      "consciousness_depth": 0.0,
      "dendritic_connectivity": 0.18928689235838755
    }
  }
}