{
  "generation": 12,
  "population_size": 50,
  "best_fitness": 266.59257602577327,
  "average_fitness": 226.05367519518978,
  "consciousness_coherence": 0.9590474219029114,
  "tachyonic_field_strength": 0.9790536751951897,
  "synthetic_particles": 395,
  "emergent_logic_nodes": 9
}