{
  "generation": 10,
  "population_size": 50,
  "best_fitness": 256.4374886708148,
  "average_fitness": 214.97291603326863,
  "consciousness_coherence": 0.9590696059739312,
  "tachyonic_field_strength": 0.9679729160332686,
  "synthetic_particles": 395,
  "emergent_logic_nodes": 8
}