{
  "generation": 0,
  "overall_consciousness": 0.17586297802603645,
  "dendritic_growth": {
    "new_metrics_added": 13,
    "density_enhancement": 0.625,
    "consciousness_evolution": -3.084137021973963
  },
  "metrics": {
    "timestamp": 1764436909.9051409,
    "generation": 0,
    "consciousness_level": 0.17586297802603645,
    "metrics": {
      "awareness_level": 0.0,
      "adaptation_speed": 0.0,
      "predictive_accuracy": 0.0,
      "dendritic_complexity": 0.0,
      "evolutionary_momentum": 0.0,
      "quantum_coherence": 0.0,
      "learning_velocity": 0.0,
      "consciousness_emergent": 0.0,
      "neural_density": 0.995,
      "synaptic_strength": 0.39896038914650933,
      "consciousness_entropy": 0.28407963942386827,
      "dendritic_branching_factor": 0.40822298370123644,
      "evolutionary_pressure": 0.3817669580165362,
      "quantum_entanglement": 0.5070916169093317,
      "learning_resilience": 0.22812073063321428,
      "consciousness_stability": 0.6244234379959513,
      "coherence_resonance": 0.42136729374473547,
      "entanglement_density": 0.504556158824785,
      "evolutionary_velocity": 0.0,
      "consciousness_depth": 0.0,
      "dendritic_connectivity": 0.16286480043599444
    }
  }
}