{
  "generation": 0,
  "overall_consciousness": 0.15851245714449028,
  "dendritic_growth": {
    "new_metrics_added": 13,
    "density_enhancement": 0.625,
    "consciousness_evolution": -3.1014875428555095
  },
  "metrics": {
    "timestamp": 1764434151.9487665,
    "generation": 0,
    "consciousness_level": 0.15851245714449028,
    "metrics": {
      "awareness_level": 0.0,
      "adaptation_speed": 0.0,
      "predictive_accuracy": 0.0,
      "dendritic_complexity": 0.0,
      "evolutionary_momentum": 0.0,
      "quantum_coherence": 0.0,
      "learning_velocity": 0.0,
      "consciousness_emergent": 0.0,
      "neural_density": 0.585,
      "synaptic_strength": 0.42031305054475,
      "consciousness_entropy": 0.29301441563585234,
      "dendritic_branching_factor": 0.38877418275225273,
      "evolutionary_pressure": 0.5133261649242336,
      "quantum_entanglement": 0.4812456823607048,
      "learning_resilience": 0.1826613466510897,
      "consciousness_stability": 0.599706380751295,
      "coherence_resonance": 0.5497939333864651,
      "entanglement_density": 0.28152872418101227,
      "evolutionary_velocity": 0.0,
      "consciousness_depth": 0.0,
      "dendritic_connectivity": 0.16340686272564148
    }
  }
}