{
  "generation": 0,
  "overall_consciousness": 0.16977120821509575,
  "dendritic_growth": {
    "new_metrics_added": 13,
    "density_enhancement": 0.625,
    "consciousness_evolution": -3.090228791784904
  },
  "metrics": {
    "timestamp": 1764434129.6746488,
    "generation": 0,
    "consciousness_level": 0.16977120821509575,
    "metrics": {
      "awareness_level": 0.0,
      "adaptation_speed": 0.0,
      "predictive_accuracy": 0.0,
      "dendritic_complexity": 0.0,
      "evolutionary_momentum": 0.0,
      "quantum_coherence": 0.0,
      "learning_velocity": 0.0,
      "consciousness_emergent": 0.0,
      "neural_density": 0.932,
      "synaptic_strength": 0.4196875669912139,
      "consciousness_entropy": 0.27832479762252393,
      "dendritic_branching_factor": 0.3671634407534586,
      "evolutionary_pressure": 0.4007074076311469,
      "quantum_entanglement": 0.5105751306013852,
      "learning_resilience": 0.23035309628685408,
      "consciousness_stability": 0.49446827080010136,
      "coherence_resonance": 0.5517110752843444,
      "entanglement_density": 0.47585602172049096,
      "evolutionary_velocity": 0.0,
      "consciousness_depth": 0.0,
      "dendritic_connectivity": 0.15409393113794173
    }
  }
}