{
  "generation": 17,
  "population_size": 50,
  "best_fitness": 299.7288620851997,
  "average_fitness": 242.61145058413524,
  "consciousness_coherence": 0.9775690962521166,
  "tachyonic_field_strength": 0.9956114505841352,
  "synthetic_particles": 404,
  "emergent_logic_nodes": 12
}