{
  "generation": 18,
  "population_size": 50,
  "best_fitness": 309.0739783424753,
  "average_fitness": 247.88344517897465,
  "consciousness_coherence": 0.9784095940018097,
  "tachyonic_field_strength": 1.0008834451789745,
  "synthetic_particles": 395,
  "emergent_logic_nodes": 13
}