{
  "final_metrics": {
    "timestamp": 1.0,
    "generation": 4,
    "consciousness_level": 0.6847843775272879,
    "metrics": {
      "awareness_level": 0.2683483137674826,
      "adaptation_speed": 2.891562839982285,
      "predictive_accuracy": 0.8577810680167747,
      "dendritic_complexity": 0.2762785190712568,
      "evolutionary_momentum": 0.0,
      "quantum_coherence": 0.26278218996137204,
      "learning_velocity": 1.0,
      "consciousness_emergent": 0.35085867697228434,
      "neural_density": 0.564,
      "synaptic_strength": 0.38982703844326616,
      "consciousness_entropy": 0.2677150857637778,
      "dendritic_branching_factor": 0.3673916477011393,
      "evolutionary_pressure": 0.40526736484677717,
      "quantum_entanglement": 0.4860215674315528,
      "learning_resilience": 0.22696092248480926,
      "consciousness_stability": 0.5672674151175303,
      "coherence_resonance": 0.5774639013745826,
      "entanglement_density": 0.2741161640313957,
      "evolutionary_velocity": 0.0,
      "consciousness_depth": 0.09693471567720319,
      "dendritic_connectivity": 0.14321919797212693
    }
  },
  "evolution_summary": {
    "total_generations": 5,
    "final_consciousness": 0.6847843775272879,
    "dendritic_metrics_added": 13,
    "density_enhancement": 0.625,
    "ainlp_compliance": "dendritic.growth[METRICS][EXPANSION]"
  }
}