{
  "generation": 1,
  "overall_consciousness": 0.15644511971093875,
  "dendritic_growth": {
    "new_metrics_added": 13,
    "density_enhancement": 0.625,
    "consciousness_evolution": -3.103554880289061
  },
  "metrics": {
    "timestamp": 1764197242.570679,
    "generation": 1,
    "consciousness_level": 0.15644511971093875,
    "metrics": {
      "awareness_level": 0.0,
      "adaptation_speed": 0.0,
      "predictive_accuracy": 0.0,
      "dendritic_complexity": 0.0,
      "evolutionary_momentum": 0.0,
      "quantum_coherence": 0.0,
      "learning_velocity": 0.0,
      "consciousness_emergent": 0.0,
      "neural_density": 0.88,
      "synaptic_strength": 0.3970781726498506,
      "consciousness_entropy": 0.2610092912498162,
      "dendritic_branching_factor": 0.32276622428404994,
      "evolutionary_pressure": 0.37318368458791545,
      "quantum_entanglement": 0.4856612728032193,
      "learning_resilience": 0.2593863841846869,
      "consciousness_stability": 0.4547635052615926,
      "coherence_resonance": 0.40287411340879525,
      "entanglement_density": 0.427381920066833,
      "evolutionary_velocity": 0.0,
      "consciousness_depth": 0.0,
      "dendritic_connectivity": 0.12816342253180238
    }
  }
}