{
  "generation": 4,
  "overall_consciousness": 0.16593669583721637,
  "dendritic_growth": {
    "new_metrics_added": 13,
    "density_enhancement": 0.625,
    "consciousness_evolution": -3.094063304162783
  },
  "metrics": {
    "timestamp": 1764197181.1140337,
    "generation": 4,
    "consciousness_level": 0.16593669583721637,
    "metrics": {
      "awareness_level": 0.0,
      "adaptation_speed": 0.0,
      "predictive_accuracy": 0.0,
      "dendritic_complexity": 0.0,
      "evolutionary_momentum": 0.0,
      "quantum_coherence": 0.0,
      "learning_velocity": 0.0,
      "consciousness_emergent": 0.0,
      "neural_density": 0.747,
      "synaptic_strength": 0.3938535693614344,
      "consciousness_entropy": 0.27162694658983744,
      "dendritic_branching_factor": 0.4873486817825106,
      "evolutionary_pressure": 0.435348719239653,
      "quantum_entanglement": 0.5130749102355481,
      "learning_resilience": 0.1850249810283768,
      "consciousness_stability": 0.6162843716552058,
      "coherence_resonance": 0.404518363345617,
      "entanglement_density": 0.3832669579459544,
      "evolutionary_velocity": 0.0,
      "consciousness_depth": 0.0,
      "dendritic_connectivity": 0.19194401784363166
    }
  }
}