{
  "generation": 2,
  "overall_consciousness": 0.1428183519723272,
  "dendritic_growth": {
    "new_metrics_added": 13,
    "density_enhancement": 0.625,
    "consciousness_evolution": -3.1171816480276724
  },
  "metrics": {
    "timestamp": 1764197218.8236384,
    "generation": 2,
    "consciousness_level": 0.1428183519723272,
    "metrics": {
      "awareness_level": 0.0,
      "adaptation_speed": 0.0,
      "predictive_accuracy": 0.0,
      "dendritic_complexity": 0.0,
      "evolutionary_momentum": 0.0,
      "quantum_coherence": 0.0,
      "learning_velocity": 0.0,
      "consciousness_emergent": 0.0,
      "neural_density": 0.531,
      "synaptic_strength": 0.40766210556202637,
      "consciousness_entropy": 0.27103954247281964,
      "dendritic_branching_factor": 0.3633913507820966,
      "evolutionary_pressure": 0.3823621185104067,
      "quantum_entanglement": 0.4715728496335005,
      "learning_resilience": 0.1623416160855151,
      "consciousness_stability": 0.5998220561323497,
      "coherence_resonance": 0.40346756264448647,
      "entanglement_density": 0.2504051831553888,
      "evolutionary_velocity": 0.0,
      "consciousness_depth": 0.0,
      "dendritic_connectivity": 0.14814088320285843
    }
  }
}