{
  "generation": 2,
  "overall_consciousness": 0.16115407410661456,
  "dendritic_growth": {
    "new_metrics_added": 13,
    "density_enhancement": 0.625,
    "consciousness_evolution": -3.0988459258933854
  },
  "metrics": {
    "timestamp": 1764197670.155142,
    "generation": 2,
    "consciousness_level": 0.16115407410661456,
    "metrics": {
      "awareness_level": 0.0,
      "adaptation_speed": 0.0,
      "predictive_accuracy": 0.0,
      "dendritic_complexity": 0.0,
      "evolutionary_momentum": 0.0,
      "quantum_coherence": 0.0,
      "learning_velocity": 0.0,
      "consciousness_emergent": 0.0,
      "neural_density": 0.614,
      "synaptic_strength": 0.40097620962619807,
      "consciousness_entropy": 0.29829923804657926,
      "dendritic_branching_factor": 0.4135093664546618,
      "evolutionary_pressure": 0.43543172031043714,
      "quantum_entanglement": 0.518616145281911,
      "learning_resilience": 0.27081517468726446,
      "consciousness_stability": 0.6336346589594056,
      "coherence_resonance": 0.40174742359006194,
      "entanglement_density": 0.31843031320309334,
      "evolutionary_velocity": 0.0,
      "consciousness_depth": 0.0,
      "dendritic_connectivity": 0.16580741840592084
    }
  }
}