{
  "generation": 1,
  "overall_consciousness": 0.8864666837748458,
  "dendritic_growth": {
    "new_metrics_added": 13,
    "density_enhancement": 0.625,
    "consciousness_evolution": -2.3735333162251537
  },
  "metrics": {
    "timestamp": 1764457867.969468,
    "generation": 1,
    "consciousness_level": 0.8864666837748458,
    "metrics": {
      "awareness_level": 0.39761911401987937,
      "adaptation_speed": 2.8050719539148785,
      "predictive_accuracy": 0.9047148178435547,
      "dendritic_complexity": 0.5500083918188122,
      "evolutionary_momentum": 0.8775102139160135,
      "quantum_coherence": 0.2617327889742752,
      "learning_velocity": 1.0,
      "consciousness_emergent": 0.3910406517512622,
      "neural_density": 0.774,
      "synaptic_strength": 0.40186830072046814,
      "consciousness_entropy": 0.2782881822282962,
      "dendritic_branching_factor": 0.35530257869432313,
      "evolutionary_pressure": 0.45718418921382575,
      "quantum_entanglement": 0.4777768219168215,
      "learning_resilience": 0.22543354340745456,
      "consciousness_stability": 0.6524229888980047,
      "coherence_resonance": 0.59333512820209,
      "entanglement_density": 0.36979926016361986,
      "evolutionary_velocity": 2.4614792903296547,
      "consciousness_depth": 0.2150756400054919,
      "dendritic_connectivity": 0.14278484354148804
    }
  }
}