{
  "generation": 2,
  "overall_consciousness": 0.161884175681997,
  "dendritic_growth": {
    "new_metrics_added": 13,
    "density_enhancement": 0.625,
    "consciousness_evolution": -3.0981158243180027
  },
  "metrics": {
    "timestamp": 1764197240.5143108,
    "generation": 2,
    "consciousness_level": 0.161884175681997,
    "metrics": {
      "awareness_level": 0.0,
      "adaptation_speed": 0.0,
      "predictive_accuracy": 0.0,
      "dendritic_complexity": 0.0,
      "evolutionary_momentum": 0.0,
      "quantum_coherence": 0.0,
      "learning_velocity": 0.0,
      "consciousness_emergent": 0.0,
      "neural_density": 0.836,
      "synaptic_strength": 0.4091237979979613,
      "consciousness_entropy": 0.2662332662371518,
      "dendritic_branching_factor": 0.27602622650010344,
      "evolutionary_pressure": 0.3829388516144268,
      "quantum_entanglement": 0.45509134720892674,
      "learning_resilience": 0.26165509010710486,
      "consciousness_stability": 0.7101717143957261,
      "coherence_resonance": 0.4029239422356892,
      "entanglement_density": 0.38045636626666274,
      "evolutionary_velocity": 0.0,
      "consciousness_depth": 0.0,
      "dendritic_connectivity": 0.11292889813276782
    }
  }
}