{
  "generation": 1,
  "overall_consciousness": 0.7536100596582403,
  "dendritic_growth": {
    "new_metrics_added": 13,
    "density_enhancement": 0.625,
    "consciousness_evolution": -2.5063899403417595
  },
  "metrics": {
    "timestamp": 1764457614.7500782,
    "generation": 1,
    "consciousness_level": 0.7536100596582403,
    "metrics": {
      "awareness_level": 0.3679819363993978,
      "adaptation_speed": 2.816069038448364,
      "predictive_accuracy": 0.8147405937394184,
      "dendritic_complexity": 0.7159182806391567,
      "evolutionary_momentum": 0.12881405078132668,
      "quantum_coherence": 0.2503601646118256,
      "learning_velocity": 0.7676782014868413,
      "consciousness_emergent": 0.3779249741641062,
      "neural_density": 0.739,
      "synaptic_strength": 0.40343409196572555,
      "consciousness_entropy": 0.28523574127628015,
      "dendritic_branching_factor": 0.415185548408558,
      "evolutionary_pressure": 0.35948205734407984,
      "quantum_entanglement": 0.5159969836158669,
      "learning_resilience": 0.21672161358481495,
      "consciousness_stability": 0.7977304122087855,
      "coherence_resonance": 0.5813658992472605,
      "entanglement_density": 0.3813217708921256,
      "evolutionary_velocity": 0.3627492601224094,
      "consciousness_depth": 0.27056339771416466,
      "dendritic_connectivity": 0.16750000471949839
    }
  }
}