{
  "generation": 1,
  "overall_consciousness": 0.7348738873650182,
  "dendritic_growth": {
    "new_metrics_added": 13,
    "density_enhancement": 0.625,
    "consciousness_evolution": -2.5251261126349815
  },
  "metrics": {
    "timestamp": 1764457291.5494866,
    "generation": 1,
    "consciousness_level": 0.7348738873650182,
    "metrics": {
      "awareness_level": 0.34555217433983887,
      "adaptation_speed": 2.8040904894749574,
      "predictive_accuracy": 0.8308175053346011,
      "dendritic_complexity": 0.671927925513903,
      "evolutionary_momentum": 0.0,
      "quantum_coherence": 0.23612603874928217,
      "learning_velocity": 1.0,
      "consciousness_emergent": 0.3797127807463904,
      "neural_density": 0.702,
      "synaptic_strength": 0.38145177829684657,
      "consciousness_entropy": 0.28989701652204763,
      "dendritic_branching_factor": 0.4102124087386465,
      "evolutionary_pressure": 0.3805407185011118,
      "quantum_entanglement": 0.529436772497369,
      "learning_resilience": 0.23339703076736046,
      "consciousness_stability": 0.5701240818946878,
      "coherence_resonance": 0.5586895657442703,
      "entanglement_density": 0.371664614293153,
      "evolutionary_velocity": 0.0,
      "consciousness_depth": 0.2551396210580376,
      "dendritic_connectivity": 0.1564762527927896
    }
  }
}