{
  "generation": 4,
  "overall_consciousness": 0.16373068753183548,
  "dendritic_growth": {
    "new_metrics_added": 13,
    "density_enhancement": 0.625,
    "consciousness_evolution": -3.096269312468164
  },
  "metrics": {
    "timestamp": 1764197202.7876043,
    "generation": 4,
    "consciousness_level": 0.16373068753183548,
    "metrics": {
      "awareness_level": 0.0,
      "adaptation_speed": 0.0,
      "predictive_accuracy": 0.0,
      "dendritic_complexity": 0.0,
      "evolutionary_momentum": 0.0,
      "quantum_coherence": 0.0,
      "learning_velocity": 0.0,
      "consciousness_emergent": 0.0,
      "neural_density": 0.897,
      "synaptic_strength": 0.3721854658705241,
      "consciousness_entropy": 0.27713530724572577,
      "dendritic_branching_factor": 0.39715712909198886,
      "evolutionary_pressure": 0.3896711425170241,
      "quantum_entanglement": 0.4770078406288353,
      "learning_resilience": 0.2168694357535102,
      "consciousness_stability": 0.5699353681887294,
      "coherence_resonance": 0.4038982349441162,
      "entanglement_density": 0.42787603304406524,
      "evolutionary_velocity": 0.0,
      "consciousness_depth": 0.0,
      "dendritic_connectivity": 0.14781611111490175
    }
  }
}