{
  "generation": 3,
  "overall_consciousness": 0.14752897368154155,
  "dendritic_growth": {
    "new_metrics_added": 13,
    "density_enhancement": 0.625,
    "consciousness_evolution": -3.1124710263184583
  },
  "metrics": {
    "timestamp": 1764197237.6556714,
    "generation": 3,
    "consciousness_level": 0.14752897368154155,
    "metrics": {
      "awareness_level": 0.0,
      "adaptation_speed": 0.0,
      "predictive_accuracy": 0.0,
      "dendritic_complexity": 0.0,
      "evolutionary_momentum": 0.0,
      "quantum_coherence": 0.0,
      "learning_velocity": 0.0,
      "consciousness_emergent": 0.0,
      "neural_density": 0.644,
      "synaptic_strength": 0.3840361786445567,
      "consciousness_entropy": 0.3093626184074793,
      "dendritic_branching_factor": 0.257153221720069,
      "evolutionary_pressure": 0.42000248928670825,
      "quantum_entanglement": 0.5192588788303917,
      "learning_resilience": 0.24938286787027505,
      "consciousness_stability": 0.5014814693717614,
      "coherence_resonance": 0.40299217947827426,
      "entanglement_density": 0.33440271796677223,
      "evolutionary_velocity": 0.0,
      "consciousness_depth": 0.0,
      "dendritic_connectivity": 0.09875614059551172
    }
  }
}