{
  "generation": 1,
  "overall_consciousness": 0.833941935179463,
  "dendritic_growth": {
    "new_metrics_added": 13,
    "density_enhancement": 0.625,
    "consciousness_evolution": -2.4260580648205368
  },
  "metrics": {
    "timestamp": 1764457573.528546,
    "generation": 1,
    "consciousness_level": 0.833941935179463,
    "metrics": {
      "awareness_level": 0.2934418360787399,
      "adaptation_speed": 2.7947697775773688,
      "predictive_accuracy": 0.776989399720407,
      "dendritic_complexity": 0.23368078813499502,
      "evolutionary_momentum": 1.0,
      "quantum_coherence": 0.25165498737836584,
      "learning_velocity": 1.0,
      "consciousness_emergent": 0.36459474017159493,
      "neural_density": 0.596,
      "synaptic_strength": 0.4055760745936702,
      "consciousness_entropy": 0.26971312283343907,
      "dendritic_branching_factor": 0.33607016510306087,
      "evolutionary_pressure": 0.37552913270537297,
      "quantum_entanglement": 0.516267640004313,
      "learning_resilience": 0.22052873238657883,
      "consciousness_stability": 0.6505339824099245,
      "coherence_resonance": 0.5789010881327797,
      "entanglement_density": 0.30769551344257057,
      "evolutionary_velocity": 2.7947697775773688,
      "consciousness_depth": 0.08519878623317204,
      "dendritic_connectivity": 0.13630201835054606
    }
  }
}