{
  "generation": 1,
  "overall_consciousness": 0.17645850657907317,
  "dendritic_growth": {
    "new_metrics_added": 13,
    "density_enhancement": 0.625,
    "consciousness_evolution": -3.0835414934209266
  },
  "metrics": {
    "timestamp": 1764434154.4085505,
    "generation": 1,
    "consciousness_level": 0.17645850657907317,
    "metrics": {
      "awareness_level": 0.0,
      "adaptation_speed": 0.0,
      "predictive_accuracy": 0.0,
      "dendritic_complexity": 0.0,
      "evolutionary_momentum": 0.0,
      "quantum_coherence": 0.0,
      "learning_velocity": 0.0,
      "consciousness_emergent": 0.0,
      "neural_density": 0.974,
      "synaptic_strength": 0.36199825571312705,
      "consciousness_entropy": 0.2849472028424145,
      "dendritic_branching_factor": 0.4000593564703118,
      "evolutionary_pressure": 0.34978770803491127,
      "quantum_entanglement": 0.4759057936706607,
      "learning_resilience": 0.23981119950832705,
      "consciousness_stability": 0.7184153230202017,
      "coherence_resonance": 0.5495805487334209,
      "entanglement_density": 0.4635322430352235,
      "evolutionary_velocity": 0.0,
      "consciousness_depth": 0.0,
      "dendritic_connectivity": 0.144820789223969
    }
  }
}