{
  "generation": 1,
  "overall_consciousness": 0.1679770974266802,
  "dendritic_growth": {
    "new_metrics_added": 13,
    "density_enhancement": 0.625,
    "consciousness_evolution": -3.0920229025733197
  },
  "metrics": {
    "timestamp": 1764449501.780853,
    "generation": 1,
    "consciousness_level": 0.1679770974266802,
    "metrics": {
      "awareness_level": 0.0,
      "adaptation_speed": 0.0,
      "predictive_accuracy": 0.0,
      "dendritic_complexity": 0.0,
      "evolutionary_momentum": 0.0,
      "quantum_coherence": 0.0,
      "learning_velocity": 0.0,
      "consciousness_emergent": 0.0,
      "neural_density": 0.939,
      "synaptic_strength": 0.38760578932364,
      "consciousness_entropy": 0.2602808289049509,
      "dendritic_branching_factor": 0.428165334135474,
      "evolutionary_pressure": 0.30947149977767036,
      "quantum_entanglement": 0.5048622599418617,
      "learning_resilience": 0.26014649069208323,
      "consciousness_stability": 0.5642889145779992,
      "coherence_resonance": 0.4229672244448339,
      "entanglement_density": 0.4740656620854081,
      "evolutionary_velocity": 0.0,
      "consciousness_depth": 0.0,
      "dendritic_connectivity": 0.16595936229860045
    }
  }
}