{
  "generation": 4,
  "overall_consciousness": 0.14291647697165194,
  "dendritic_growth": {
    "new_metrics_added": 13,
    "density_enhancement": 0.625,
    "consciousness_evolution": -3.117083523028348
  },
  "metrics": {
    "timestamp": 1764436909.9051409,
    "generation": 4,
    "consciousness_level": 0.14291647697165194,
    "metrics": {
      "awareness_level": 0.0,
      "adaptation_speed": 0.0,
      "predictive_accuracy": 0.0,
      "dendritic_complexity": 0.0,
      "evolutionary_momentum": 0.0,
      "quantum_coherence": 0.0,
      "learning_velocity": 0.0,
      "consciousness_emergent": 0.0,
      "neural_density": 0.531,
      "synaptic_strength": 0.40255609149042626,
      "consciousness_entropy": 0.28282647063993815,
      "dendritic_branching_factor": 0.3464346859529802,
      "evolutionary_pressure": 0.3691315601944091,
      "quantum_entanglement": 0.4666977818806782,
      "learning_resilience": 0.19954568131114167,
      "consciousness_stability": 0.5898348940693461,
      "coherence_resonance": 0.42136741814222767,
      "entanglement_density": 0.24781652217864011,
      "evolutionary_velocity": 0.0,
      "consciousness_depth": 0.0,
      "dendritic_connectivity": 0.13945939313394498
    }
  }
}