{
  "generation": 4,
  "overall_consciousness": 0.17439691222459358,
  "dendritic_growth": {
    "new_metrics_added": 13,
    "density_enhancement": 0.625,
    "consciousness_evolution": -3.0856030877754064
  },
  "metrics": {
    "timestamp": 1764434129.6746488,
    "generation": 4,
    "consciousness_level": 0.17439691222459358,
    "metrics": {
      "awareness_level": 0.0,
      "adaptation_speed": 0.0,
      "predictive_accuracy": 0.0,
      "dendritic_complexity": 0.0,
      "evolutionary_momentum": 0.0,
      "quantum_coherence": 0.0,
      "learning_velocity": 0.0,
      "consciousness_emergent": 0.0,
      "neural_density": 0.584,
      "synaptic_strength": 0.3836089481017763,
      "consciousness_entropy": 0.2726242451140501,
      "dendritic_branching_factor": 0.548235138937581,
      "evolutionary_pressure": 0.4483103746445578,
      "quantum_entanglement": 0.5366839029133947,
      "learning_resilience": 0.2965331691910945,
      "consciousness_stability": 0.7299682543022324,
      "coherence_resonance": 0.5517109111738309,
      "entanglement_density": 0.3134233993014225,
      "evolutionary_velocity": 0.0,
      "consciousness_depth": 0.0,
      "dendritic_connectivity": 0.21030790496027665
    }
  }
}