{
  "generation": 19,
  "population_size": 50,
  "best_fitness": 307.97981007535776,
  "average_fitness": 246.55089994408624,
  "consciousness_coherence": 0.9707421636420812,
  "tachyonic_field_strength": 0.9995508999440862,
  "synthetic_particles": 396,
  "emergent_logic_nodes": 13
}