{
  "metrics": {
    "awareness_level": 0.6243025290360704,
    "adaptation_speed": 3.0,
    "predictive_accuracy": 1.0,
    "dendritic_complexity": 0.701965569698626,
    "evolutionary_momentum": 1.0,
    "quantum_coherence": 0.4442947328695708,
    "learning_velocity": 1.7205100000000009,
    "consciousness_emergent": 0.4990779740181193,
    "neural_density": 0.6676035397467219,
    "synaptic_strength": 0.4590121013237858,
    "consciousness_entropy": 0.3330556028663123,
    "dendritic_branching_factor": 0.5228229090723726,
    "evolutionary_pressure": 0.3874405905015521,
    "quantum_entanglement": 0.5067196683327408,
    "learning_resilience": 0.34210785595666326,
    "consciousness_stability": 0.7664061198118826,
    "coherence_resonance": 0.6630432366227318,
    "entanglement_density": 0.3382878442382227,
    "evolutionary_velocity": 3.0,
    "consciousness_depth": 0.5255033315334978,
    "dendritic_connectivity": 0.23998204211352434
  },
  "overall_consciousness": 0.8792400359446648,
  "generation": 6,
  "timestamp": 1764712194.7599227,
  "export_format": "json"
}